Position,Zone                                  ,LGA                                     ,Ward                          ,Facility                            
Ward Technical Officer,Wudil,Ajingi,Ajingi,Ajingi PHC
Ward Technical Officer ,Wudil,Ajingi,Chula,Chula HP
Ward Technical Officer,Wudil,Ajingi,Dabin-Kanawa,Dabi HP
Ward Technical Officer ,Wudil,Ajingi,Dundun,Dun Dun HP
Ward Technical Officer,Wudil,Ajingi,Gafasa,Gafasa HP
Ward Technical Officer,Wudil,Ajingi,Kunkun Rawa,Makarya PHC
Ward Technical Officer ,Wudil,Albasu,Bataiya,Bataiya HC
Ward Technical Officer ,Wudil,Albasu,Duja,Duja HP
Ward Technical Officer ,Wudil,Albasu,Gagarame,Gagarame HP
Ward Technical Officer ,Wudil,Albasu,Hungu,Hungu PHC
Ward Technical Officer ,Wudil,Albasu,Saya-Saya,Saya Saya HC
Ward Technical Officer,Bichi,Bagwai,Bagwai,Abbas PHC
Ward Technical Officer ,Bichi,Bagwai,Dangada,Dangada MPHC
Ward Technical Officer ,Bichi,Bagwai,Kiyawa,Kiyawa HC
Ward Technical Officer ,Bichi,Bagwai,Rimin Dako,Rimin Dako HP
Ward Technical Officer ,Bichi,Bagwai,Romo,Romo HC
Ward Technical Officer,Bichi,Bagwai,Wuro Bagga,Wuro Bagga MPHC
Ward Technical Officer ,Rano,Bebeji,Anadariya,Anadariya HP
Health Facility Incharge ,Rano,Bebeji,Bebeji,Bebeji GH
Ward Technical Officer ,Rano,Bebeji,Damau,Damau HP
Ward Technical Officer ,Rano,Bebeji,Durmawa,Durmawa HP
Ward Technical Officer ,Rano,Bebeji,Gargai,Gargai HP
Ward Technical Officer ,Rano,Bebeji,Kofa,Kofa HP
Ward Technical Officer ,Rano,Bebeji,Kuki,Kuki HP
Ward Technical Officer ,Rano,Bebeji,Ranka,Ranka HP
Ward Technical Officer ,Rano,Bebeji,Tariwa,Tariwa HC
Ward Technical Officer ,Rano,Bebeji,Wak,Wak HC
Ward Technical Officer,Bichi,Bichi,Danzabuwa,Danzabuwa PHC
Ward Technical Officer,Bichi,Bichi,Kwamarawa,Kwamarawa HP
Ward Technical Officer,Bichi,Bichi,Muntsira,Muntsira HP
Ward Technical Officer,Bichi,Bichi,Kau-Kau,Rimayen Rake
Ward Technical Officer,Bichi,Bichi,Saye,Saye PHC
Ward Technical Officer ,Rano,Bunkure,Barkum,Barkum HP
Ward Technical Officer ,Rano,Bunkure,Bono,Bono PHC
Ward Technical Officer ,Rano,Bunkure,Bunkure,Bunkure PHC
Ward Technical Officer ,Rano,Bunkure,Chirin,Chirin HP
Ward Technical Officer ,Rano,Bunkure,Gafan,Gafan HP
Ward Technical Officer ,Rano,Bunkure,Gwamma,Gwamma HP
Ward Technical Officer ,Rano,Bunkure,Kulluwa,Kulluwa HP
Ward Technical Officer ,Rano,Bunkure,Sanda,Sanda HP
Ward Technical Officer ,Nassarawa,Dala,Adakawa,Adakawa HP
Ward Technical Officer ,Nassarawa,Dala,Bakin Ruwa,Bakin Ruwa PHC
Ward Technical Officer ,Nassarawa,Dala,Kabuwaya,Dala PHC
Ward Technical Officer ,Nassarawa,Dala,Gwammaja,Gwammaja PHC
Ward Technical Officer ,Nassarawa,Dala,Kofar ruwa,Kofar Ruwa HP
Ward Technical Officer ,Nassarawa,Dala,Gobirawa,Kurna PHC
Ward Technical Officer ,Dawakin Tofa,Dambatta,Ajumawa,Ajumawa HP
Health Facility Incharge ,Dawakin Tofa,Dambatta,Saidawa,Dalal Mahuta HP
Ward Technical Officer ,Dawakin Tofa,Dambatta,Goron Maje,Goran Maje PHC
Ward Technical Officer ,Dawakin Tofa,Dambatta,Gwanda,Gwanda Model PHC
Ward Technical Officer ,Dawakin Tofa,Dambatta,Gwarabtawa,Gwarabjawa HP
Ward Technical Officer ,Dawakin Tofa,Dambatta,Kore,Kore Model PHC
Ward Technical Officer ,Dawakin Tofa,Dambatta,San San,San San PHC
Ward Technical Officer ,Dawakin Tofa,Dambatta,Dambatta East,Women Center HP
Ward Technical Officer,Gwale,Dawakin Kudu,Dabar Kwari,Daba PHC
Ward Technical Officer,Gwale,Dawakin Kudu,Dawakiji,Dawakiji PHC
Ward Technical Officer,Gwale,Dawakin Kudu,Dawakin Kudu,Dawakin Kudu GH
Health Facility Incharge ,Gwale,Dawakin Kudu,Fanchan,Fanchan HP
Health Facility Incharge ,Gwale,Dawakin Kudu,Tanburawa,Gada HC
Ward Technical Officer,Gwale,Dawakin Kudu,Gano ,Gano PHC
Ward Technical Officer,Gwale,Dawakin Kudu,Gurjiya,Gurjiya HP
Ward Technical Officer,Gwale,Dawakin Kudu,Jido,Jido HP
Ward Technical Officer,Gwale,Dawakin Kudu,Danbagina,Runa HP
Ward Technical Officer,Gwale,Dawakin Kudu,Yan Barau,Sarai HP
Ward Technical Officer,Gwale,Dawakin Kudu,Unguwar Duniya,Unguwar Duniya HP
Ward Technical Officer,Gwale,Dawakin Kudu,Yankatsari,Unguwar Fawa HP
Ward Technical Officer,Gwale,Dawakin Kudu,Yargaya,Yargaya HP
Ward Technical Officer,Gwale,Dawakin Kudu,Zogarawa,Zogarawa HP
Ward Technical Officer,Dawakin Tofa,Dawakin Tofa,Danguguwa,Danguguwa HP
Ward Technical Officer,Dawakin Tofa,Dawakin Tofa,Dawanau,Dawanau HC
Ward Technical Officer,Dawakin Tofa,Dawakin Tofa,Ganduje,Ganduje PHC
Ward Technical Officer,Dawakin Tofa,Dawakin Tofa,Jalli,Jalli HP
Ward Technical Officer,Dawakin Tofa,Dawakin Tofa,Gargari,Kunnawa HP
Ward Technical Officer,Dawakin Tofa,Dawakin Tofa,Kwa,Kwa HP
Ward Technical Officer,Dawakin Tofa,Dawakin Tofa,Marke,Marke PHC
Ward Technical Officer,Dawakin Tofa,Dawakin Tofa,Tattarawa,Tattarawa PHC
Ward Technical Officer ,Rano,Doguwa,Unguwar Tsohuwa,Asada HP
Ward Technical Officer ,Rano,Doguwa,Dadin Kowa,Dadin Kowa HP
Ward Technical Officer ,Rano,Doguwa,Falgore,Falgore HP
Ward Technical Officer ,Rano,Doguwa,Maraku,Maraku HP
Ward Technical Officer ,Rano,Doguwa,Riruwai,Ririwai HC
Ward Technical Officer ,Rano,Doguwa,Zainabi,Zainabi HP
Ward Technical Officer,Nassarawa,Fagge,Sabon Gari East,Jaba PHC
Ward Technical Officer,Nassarawa,Fagge,Kwachiri,Kwaciri PHC
Ward Technical Officer,Nassarawa,Fagge,Sabon Gari West,Middle road PHC
Ward Technical Officer,Nassarawa,Fagge,Rijiyar Lemo,Rijiyar Lemo PHC
Ward Technical Officer,Nassarawa,Fagge,Fagge A,Sabo Garba PHC
Ward Technical Officer,Dawakin Tofa,Gabasawa,Gabasawa,Gabasawa PHC
Ward Technical Officer ,Dawakin Tofa,Gabasawa,Garun Danga,Garun Danga
Ward Technical Officer ,Dawakin Tofa,Gabasawa,Karmami,Karmami PHC
Ward Technical Officer ,Dawakin Tofa,Gabasawa,Mekiya,Mekiya HP
Health Facility Incharge ,Dawakin Tofa,Gabasawa,Joda,Santsi HP
Ward Technical Officer,Dawakin Tofa,Gabasawa,Tarauni,Tarauni HP
Health Facility Incharge ,Dawakin Tofa,Gabasawa,Yumbu,Yama HP
Ward Technical Officer ,Dawakin Tofa,Gabasawa,Yautar Kudu,Yautar Kudu PHC
Ward Technical Officer ,Dawakin Tofa,Gabasawa,Zakirai,Zakirai PHC
Ward Technical Officer,Dawakin Tofa,Gabasawa,Zugachi,Zugachi HC
Ward Technical Officer ,Wudil,Garko,Kwas,Buda HP
Ward Technical Officer ,Wudil,Garko,Dal,Dal PHC
Ward Technical Officer ,Wudil,Garko,Garko,Garko PHC
Ward Technical Officer ,Wudil,Garko,Gurjiya,Gurjiya HP
Health Facility Incharge ,Wudil,Garko,Zakarawa,Kafir Chiri PHC
Ward Technical Officer ,Wudil,Garko,Katumari,Sanni HP
Ward Technical Officer ,Wudil,Garko,Sarina,Sarina PHC
Ward Technical Officer,Gwale,Garun Mallam,Chiromawa,Chiromawa Kwari HP
Ward Technical Officer,Gwale,Garun Mallam,Dakasoye,Dakasoye HP
Ward Technical Officer,Gwale,Garun Mallam,Dorawar Sallau,Dorawar Sallau HP
Ward Technical Officer,Gwale,Garun Mallam,Garun Babba,Garun Babba PHC
Ward Technical Officer,Gwale,Garun Mallam,Jobawa,Jobawa HP
Ward Technical Officer,Gwale,Garun Mallam,Kadawa,Kadawa HC
Ward Technical Officer,Gwale,Garun Mallam,Makwaro,Makwaro HP
Ward Technical Officer,Gwale,Garun Mallam,Yada Kwari,Yada Kwari HC
Ward Technical Officer,Gwale,Garun Mallam,Fankurun,Yanaba HP
Ward Technical Officer ,Wudil,Gaya,Balan,Balan Model HP
Ward Technical Officer,Wudil,Gaya,Gaya North,Dr Rabiu Musa Kwankwaso PHC
Ward Technical Officer ,Wudil,Gaya,Gamarya,Gamarya PHC
Health Facility Incharge ,Wudil,Gaya,Gamoji,Gamoji HP
Ward Technical Officer ,Wudil,Gaya,Maimakawa,Gidan Sarki Noma Model PHC
Ward Technical Officer,Wudil,Gaya,Wudilawa,Gungara HP
Ward Technical Officer ,Wudil,Gaya,Kademi,Kademi PHC
Ward Technical Officer ,Wudil,Gaya,Shagogo,Yanaudu HP
Ward Technical Officer,Wudil,Gaya,Kazurawa,Yankau PHC
Ward Technical Officer,Nassarawa,Gezawa,Tsamiya Babba,Abasawa BHC
Ward Technical Officer,Nassarawa,Gezawa,Babawa,Babawa MPHC
Health Facility Incharge ,Nassarawa,Gezawa,Ketawa,Danja Health Post
Health Facility Incharge ,Nassarawa,Gezawa,Zango,Daradau HP
Ward Technical Officer,Nassarawa,Gezawa,Gezawa,Gezawa HP
Ward Technical Officer,Nassarawa,Gezawa,Gawo,Gofaro MPHC
Ward Technical Officer,Nassarawa,Gezawa,Mesar Tudu,Mesa Tudu HP
Ward Technical Officer,Nassarawa,Gezawa,Tumbau,Tumbau HP
Ward Technical Officer,Nassarawa,Gezawa,Wangara,Wangara BHC
Ward Technical Officer,Nassarawa,Gezawa,Zango,Zango HC
Ward Technical Officer,Gwale,Gwale,Goron Dutse,Bayan Wreca HC
Ward Technical Officer,Gwale,Gwale,Galadanchi,Fuskar Yamma HC
Ward Technical Officer,Gwale,Gwale,Dandago,Garangamawa HPC
Health Facility Incharge,Gwale,Gwale,Gwale,Gwale MCH
Ward Technical Officer,Gwale,Gwale,Kabuga,Kabuga PHC
Ward Technical Officer,Gwale,Gwale,Gwale,Kofar Naisa HC
Ward Technical Officer,Gwale,Gwale,Sani Mai Nagge,Makota HC
Ward Technical Officer,Gwale,Gwale,Mandawari,Sabon Sara HC
Ward Technical Officer ,Bichi,Gwarzo,Getso,Getso MCH
Ward Technical Officer,Bichi,Gwarzo,Jama'a,Jamaa PHC
Health Facility Incharge ,Bichi,Gwarzo,Kara,Koya HP
Ward Technical Officer,Bichi,Gwarzo,Kutama,Kutama MPHC
Ward Technical Officer ,Bichi,Gwarzo,Unguwar Tudu,Kwami MPHC
Ward Technical Officer ,Bichi,Gwarzo,Lakwaya,Lakwaya MPHC
Ward Technical Officer,Bichi,Gwarzo,Madadi,Madadi PHC
Ward Technical Officer,Bichi,Gwarzo,Mainika,Mainika HP
Ward Technical Officer ,Bichi,Gwarzo,Sabon Birni,Sabon Birni HC
Ward Technical Officer,Bichi,Gwarzo,Gwarzo,Yar Kasuwa HP
Health Facility Incharge ,Dawakin Tofa,Kabo,Dugabau,Dugabau HC
Ward Technical Officer,Dawakin Tofa,Kabo,Durun,Durun MCH
Ward Technical Officer,Dawakin Tofa,Kabo,Garo,Garo PHC
Ward Technical Officer,Dawakin Tofa,Kabo,Godiya,Godiya PHC
Ward Technical Officer,Dawakin Tofa,Kabo,Gude,Gude HP
Ward Technical Officer,Dawakin Tofa,Kabo,Kabo,Kabo Cottage HC
Ward Technical Officer,Dawakin Tofa,Kabo,Kanwa,Kanwa HP
Ward Technical Officer,Dawakin Tofa,Kabo,Masanawa,Masanawa HC
Ward Technical Officer ,Nassarawa,Kano Municipal,Tudun Wazurchi,Emir Palace HC
Ward Technical Officer ,Nassarawa,Kano Municipal,Gandu,Gandu PHC
Ward Technical Officer ,Nassarawa,Kano Municipal,Shahuchi,Madatai HC
Ward Technical Officer ,Nassarawa,Kano Municipal,Sharada,Sharada PHC
Ward Technical Officer ,Nassarawa,Kano Municipal,Kan Karofi,Unguwar Gini PHC
Health Facility Incharge ,Nassarawa,Kano Municipal,Yakasai,Yakasai Zumunta HC
Ward Technical Officer ,Nassarawa,Kano Municipal,Zaitawa,Yan Awaki PHC
Ward Technical Officer,Rano,Karaye,Daura,Daura HP
Ward Technical Officer ,Rano,Karaye,Magajin Gari,Karaye PHC
Ward Technical Officer ,Rano,Karaye,Kurugu,Kurugu HP
Ward Technical Officer,Rano,Karaye,Magajin Hajji,Tinkis HP
Health Facility Incharge ,Rano,Karaye,Tudun Kaya,Tudun Kaya HP
Ward Technical Officer,Rano,Karaye,Turawa,Turawa PHC
Ward Technical Officer ,Rano,Karaye,Yammedi,Yammedi PHC
Ward Technical Officer,Rano,Karaye,Yola,Yola PHC
Ward Technical Officer ,Rano,Karaye,Kafin Dabga,Zungurau HP
Ward Technical Officer ,Rano,Kibiya,Durba,Durba HC
Ward Technical Officer ,Rano,Kibiya,Kibiya 2,Gunda HP
Ward Technical Officer ,Rano,Kibiya,Kadigawa,Kadigawa HP
Ward Technical Officer ,Rano,Kibiya,Kahu,Kahu HP
Ward Technical Officer ,Rano,Kibiya,Kibiya 1,Kibiya PHC
Ward Technical Officer ,Rano,Kibiya,Fammar,Kure PHC
Ward Technical Officer ,Rano,Kibiya,Fassi,Saya-Saya HC
Ward Technical Officer ,Rano,Kibiya,Tarai,Tarai PHC
Ward Technical Officer ,Rano,Kibiya,Unguwar Gai,Unguwar Gai HP
Ward Technical Officer ,Rano,Kiru,Dansoshiya,Ba'awa BHC
Ward Technical Officer ,Rano,Kiru,Badafi,Badafi HC
Ward Technical Officer ,Rano,Kiru,Bargoni,Bargoni HC
Ward Technical Officer ,Rano,Kiru,Dansoshiya,Bauda HC
Ward Technical Officer ,Rano,Kiru,Kiru,Dangora BHC
Ward Technical Officer ,Rano,Kiru,Dashi,Dashi HP
Ward Technical Officer ,Rano,Kiru,Galadimawa,Galadimawa HP
Ward Technical Officer ,Rano,Kiru,Yalwa,Kafin Maiyaki BHC
Ward Technical Officer ,Rano,Kiru,Kiru,Kiru CHC
Ward Technical Officer ,Rano,Kiru,Kogo,Kogo MPHC
Ward Technical Officer ,Rano,Kiru,Maraku,Maraku HP
Ward Technical Officer ,Rano,Kiru,Tsaudawa,Tsaudawa HP
Ward Technical Officer ,Rano,Kiru,Yako,Yako BHC
Ward Technical Officer ,Rano,Kiru,Zuwo,Zuwo HC
Ward Technical Officer,Gwale,Kumbotso,Chalawa,Chalawa Basic Health Centre
Ward Technical Officer,Gwale,Kumbotso,Chiranchi,Chiranchi MCH
Ward Technical Officer,Gwale,Kumbotso,Gurungawa,Gurungawa MPHC
Ward Technical Officer,Gwale,Kumbotso,Naibawa,Maikalwa Health Post
Ward Technical Officer,Gwale,Kumbotso,Mariri,Mariri PHC
Ward Technical Officer,Gwale,Kumbotso,Panshekara,Panshekara PHC
Ward Technical Officer,Gwale,Kumbotso,Kumbotso,Rigafada Health Post
Ward Technical Officer,Gwale,Kumbotso,Danbare,Samegu Health Post
Health Facility Incharge,Gwale,Kumbotso,Dan Maliki,Turai Yar Adua Health Post
Ward Technical Officer,Gwale,Kumbotso,Unguwar Rimi,Unguwar Rimi MPHC
Ward Technical Officer,Gwale,Kumbotso,Kureken sani,Yanshana Health Post
Ward Technical Officer,Bichi,Kunchi,Garun Sheme,Gidan Nisau HP
Ward Technical Officer,Bichi,Kunchi,Shamakawa,Gwadama PHC
Ward Technical Officer ,Bichi,Kunchi,Gwarmai,Gwarmai PHC
Ward Technical Officer,Bichi,Kunchi,Kasuwar Kuka,Kasuwar Kuka PHC
Ward Technical Officer,Bichi,Kunchi,Matan Fada,Matan Fada PHC
Ward Technical Officer,Bichi,Kunchi,Ridawa,Ridawa HP
Ward Technical Officer ,Bichi,Kunchi,Shuwaki,Shuwaki PHC
Ward Technical Officer ,Bichi,Kunchi,Yandadi,Yandadi PHC
Ward Technical Officer,Gwale,Kura,Sarkin Kura,Alqalawa HP
Health Facility Incharge ,Gwale,Kura,Kosawa,Bagau HP
Ward Technical Officer,Gwale,Kura,Dan Hassan,Dan Hassan PHC
Ward Technical Officer,Gwale,Kura,Dokawa,Dokawa PHC
Health Facility Incharge,Gwale,Kura,Gundutse,Gainawa A. HP
Ward Technical Officer ,Gwale,Kura,Karfi,Karfi HP
Ward Technical Officer ,Gwale,Kura,Rigar Duka,Kirya HP
Health Facility Incharge ,Gwale,Kura,Dalli,Kura GH
Ward Technical Officer,Gwale,Kura,Kurun Sumau,Sani Marshal PHC
Ward Technical Officer,Gwale,Kura,Tanawa,Tanawa HP
Ward Technical Officer,Gwale,Madobi,Madobi,Akilu Memorial PHC
Ward Technical Officer,Gwale,Madobi,Burji,Burji MPHC
Ward Technical Officer,Gwale,Madobi,Cinkoso,Chinkoso HP
Ward Technical Officer,Gwale,Madobi,Galinja,Galinja HP
Ward Technical Officer,Gwale,Madobi,Gora,Gora HC
Ward Technical Officer,Gwale,Madobi,Kakin Agur,Kafin Agur PHC
Ward Technical Officer,Gwale,Madobi,Kanwa,Kanwa HC
Ward Technical Officer,Gwale,Madobi,Kauran Mata,Kauran Mata PHC
Ward Technical Officer,Gwale,Madobi,Kubaraci,Kubarachi HP
Ward Technical Officer,Gwale,Madobi,Kwankwaso,Kwankwaso Cottage Hospital
Ward Technical Officer,Gwale,Madobi,Rikadawa,Rikadawa HP
Ward Technical Officer,Gwale,Madobi,Yakun,Yakun HP
Health Facility Incharge,Dawakin Tofa,Makoda,Satame, Dawan Kaya Satame HP
Ward Technical Officer ,Dawakin Tofa,Makoda,Babbar Ruga,Dr Wada Waziri BHC
Ward Technical Officer ,Dawakin Tofa,Makoda,Jibga,Jibga HP
Ward Technical Officer ,Dawakin Tofa,Makoda,Koguna,Koguna BHC
Ward Technical Officer ,Dawakin Tofa,Makoda,Tabo,KorenTabo HP
Health Facility Incharge ,Dawakin Tofa,Makoda,Kadan Dani,Kurna HP
Ward Technical Officer ,Dawakin Tofa,Makoda,Maitsidau,Maitsidau BHC
Ward Technical Officer ,Dawakin Tofa,Makoda,Makoda,Makoda MPHC
Ward Technical Officer ,Dawakin Tofa,Makoda,Tangaji,Tangaji HP
Ward Technical Officer ,Dawakin Tofa,Makoda,Wailare,Wailare HP
Ward Technical Officer,Nassarawa,Minjibir,Gandurwawa,Gandurwawa PHC
Ward Technical Officer,Nassarawa,Minjibir,Kwarkiya,Gasgainu HP
Ward Technical Officer,Nassarawa,Minjibir,Kantama,Geranya HP
Ward Technical Officer,Nassarawa,Minjibir,Tsakuwa,Kankarawa HP
Ward Technical Officer,Nassarawa,Minjibir,Kunya,Kunya PHC
Ward Technical Officer,Nassarawa,Minjibir,Kuru,Kuru HP
Ward Technical Officer,Nassarawa,Minjibir,Minjibir,Minjibir GH
Ward Technical Officer,Nassarawa,Minjibir,Azore,Sanbauna HC
Ward Technical Officer,Nassarawa,Minjibir,Sarbi,Sarbi HP
Ward Technical Officer,Nassarawa,Minjibir,Tsakiya ,Tsakiya HP
Ward Technical Officer,Nassarawa,Minjibir,Wasai,Wasai HP
Ward Technical Officer ,Nassarawa,Nassarawa,Dakata,Dawakin Dakata PHC
Ward Technical Officer ,Nassarawa,Nassarawa,Gama,Gama HC
Ward Technical Officer ,Nassarawa,Nassarawa,Hotoro North,Hotoro North PHC
Ward Technical Officer ,Nassarawa,Nassarawa,Kaura Goje,Kaura Goje PHC
Ward Technical Officer ,Nassarawa,Nassarawa,Tudun Murtala,Tudun Murtala HC
Ward Technical Officer ,Rano,Rano,Lausu,Lausu HP
Ward Technical Officer ,Rano,Rano,Madachi,Madachi HP
Health Facility Incharge,Rano,Rano,Rurum Sabon Gari,Munture Sabon Gari HC
Ward Technical Officer ,Rano,Rano,Dawaki,Rano Dawaki HC
Ward Technical Officer ,Rano,Rano,Rurum Sabon Gari,Rurum Tsohon Gari HC
Ward Technical Officer ,Dawakin Tofa,Rimin Gado,Butu-Butu,Butu-Butu MCH
Ward Technical Officer ,Dawakin Tofa,Rimin Gado,Dawakin Gulu,Dawakin Gulu HP
Ward Technical Officer ,Dawakin Tofa,Rimin Gado,Doka Dawa,Doka Dawa HP
Ward Technical Officer ,Dawakin Tofa,Rimin Gado,Dawakin Gulu,Gulu MPHC
Ward Technical Officer ,Dawakin Tofa,Rimin Gado,Jili,Jili HC
Ward Technical Officer ,Dawakin Tofa,Rimin Gado,Rimin Gado,Rimin Gado CHC
Ward Technical Officer ,Dawakin Tofa,Rimin Gado,Sakara Tsa,Sakaratsa HP
Ward Technical Officer ,Rano,Rogo,Gwangwan,Bari PHC
Ward Technical Officer ,Rano,Rogo,Beli,Beli HC
Ward Technical Officer ,Rano,Rogo,Falgore,Falgore PHC
Ward Technical Officer ,Rano,Rogo,Fulatan,Fulatan HC
Ward Technical Officer ,Rano,Rogo,Jajaye,Jajaye HC
Ward Technical Officer ,Rano,Rogo,Zoza,Kaleku HC
Ward Technical Officer ,Rano,Rogo,Rogo Sabon Gari,Rogo GH
Ward Technical Officer ,Rano,Rogo,Ruwan Bago,Ruwan Bago HP
Ward Technical Officer ,Rano,Rogo,Zarewa,Zarewa HC
Ward Technical Officer,Bichi,Shanono,Ajalawa,Ajalawa HP
Ward Technical Officer,Bichi,Shanono,Dutsen Bakoshi,Dutsen Bakoshi HP
Ward Technical Officer,Bichi,Shanono,Faruruwa,Faruruwa HC
Ward Technical Officer,Bichi,Shanono,Goron Dutse,Goron Dutse HP
Ward Technical Officer ,Bichi,Shanono,Kadamu,Kadamu MPHC
Ward Technical Officer,Bichi,Shanono,Kokiya,Kokiya HP
Ward Technical Officer ,Bichi,Shanono,Leni,Leni HC
Ward Technical Officer,Bichi,Shanono,Shakogi,Shakogi HP
Ward Technical Officer ,Bichi,Shanono,Shanono,Shanono CHC
Ward Technical Officer,Bichi,Shanono,Tsaure,Tsaure HC
Ward Technical Officer ,Wudil,Sumaila,Gediya,Bakin Lahadi PHC
Ward Technical Officer,Wudil,Sumaila,Gani,Gani PHC
Ward Technical Officer ,Wudil,Sumaila,Masu,Gomo HC
Ward Technical Officer ,Wudil,Sumaila,Kanawa,Kanawa HP
Ward Technical Officer ,Wudil,Sumaila,Magami,Magami HC
Ward Technical Officer,Wudil,Sumaila,Rimi,Rimi HC
Ward Technical Officer ,Wudil,Sumaila,Rumo,Rumo HP
Ward Technical Officer ,Wudil,Sumaila,Sitti,Sitti HC
Ward Technical Officer ,Wudil,Sumaila,Sumaila,Sumaila Yamma PHC
Ward Technical Officer ,Wudil,Takai,Faruruwa,Danbazau PHC
Ward Technical Officer ,Wudil,Takai,Fajewa,Fajewa Model PHC
Ward Technical Officer ,Wudil,Takai,Falali,Falali HP
Ward Technical Officer ,Wudil,Takai,Kachako,Kachako PHC
Ward Technical Officer ,Wudil,Takai,Kuka,Kafin Sidda HP
Ward Technical Officer ,Wudil,Takai,Takai,Takai NYSC PHC
Ward Technical Officer ,Wudil,Takai,Zuga ,Zuga HP
Ward Technical Officer ,Gwale,Tarauni,Darmanawa,Darmanawa HP
Health Facility Incharge ,Gwale,Tarauni,Gyadi Gyadi Kudu,Gyadi Gyadi Kudu HP
Ward Technical Officer ,Gwale,Tarauni,Babban Giji,Hausawa PHC
Ward Technical Officer ,Gwale,Tarauni,Hotoro,Hotoro Dan Marke HC
Ward Technical Officer ,Gwale,Tarauni,Gyadi Gyadi Arewa,Jaoji PHC
Health Facility Incharge ,Gwale,Tarauni,Kauyen Alu,Kauyen Alu HC
Health Facility Incharge ,Gwale,Tarauni,Daurawa,Kundila HP
Ward Technical Officer ,Gwale,Tarauni,Tarauni,Tarauni PHC
Ward Technical Officer ,Gwale,Tarauni,Unguwa Uku Cikin Gari,Unguwar Uku PHC
Health Facility Incharge ,Gwale,Tarauni,Unguwar Gano,Yar Akwa HP
Ward Technical Officer ,Dawakin Tofa,Tofa,Dandare,Dindere HP
Ward Technical Officer ,Dawakin Tofa,Tofa,Gajida,Gajida HP
Ward Technical Officer ,Dawakin Tofa,Tofa,Janguza,Janguza HP
Ward Technical Officer ,Dawakin Tofa,Tofa,Jauben Kudu,Jaube HP
Ward Technical Officer ,Dawakin Tofa,Tofa,Kwami,Kwami HP
Ward Technical Officer ,Dawakin Tofa,Tofa,Unguwar Rimi,Unguwar Rimi HP
Ward Technical Officer ,Dawakin Tofa,Tofa,Tabani,Wangara HP
Health Facility Incharge ,Dawakin Tofa,Tofa,Yalwa Karama,Yalwa HP
Ward Technical Officer ,Dawakin Tofa,Tofa,Yanoko,Yanoko HP
Ward Technical Officer ,Dawakin Tofa,Tofa,Yarimawa,Yarimawa HP
Ward Technical Officer,Bichi,Tsanyawa,Daddarawa,Daddarawa HC
Ward Technical Officer ,Bichi,Tsanyawa,Dunbulum,Dumbulum HC
Ward Technical Officer,Bichi,Tsanyawa,Tsanyawa,Tsanyawa PHC
Ward Technical Officer,Bichi,Tsanyawa,Tatsan,Yargwanda HC
Ward Technical Officer ,Rano,Tudun Wada,Baburi,Baburi HP
Ward Technical Officer ,Rano,Tudun Wada,Burun-Burun,Burun Burun PHC
Ward Technical Officer ,Rano,Tudun Wada,Dalawa,Dalawa HP
Ward Technical Officer ,Rano,Tudun Wada,Karefa,Karefa HP
Ward Technical Officer ,Rano,Tudun Wada,Jita,Kurkujawa HP
Ward Technical Officer ,Rano,Tudun Wada,Nata-Ala,Nata Ala HC
Ward Technical Officer ,Rano,Tudun Wada,Shuwaki,Rugu Rugu HC
Ward Technical Officer ,Rano,Tudun Wada,Tudun Wada,Tudun Wada Tsohon Gari HC
Ward Technical Officer ,Rano,Tudun Wada,Yaryasa,Yaryasa HP
Ward Technical Officer ,Nassarawa,Ungongo,Bachirawa,Bachirawa HP
Ward Technical Officer ,Nassarawa,Ungongo,Karo,Bagujan HP
Health Facility Incharge,Nassarawa,Ungongo,Kadawa,Dan Rimi HP
Ward Technical Officer ,Nassarawa,Ungongo,Zango,Galula PHC
Ward Technical Officer ,Nassarawa,Ungongo,Yada Kunya,Inusawa HP
Ward Technical Officer ,Nassarawa,Ungongo,Kadawa,Kadawa HC
Ward Technical Officer ,Nassarawa,Ungongo,Panisau,Panisau HC
Ward Technical Officer ,Nassarawa,Ungongo,Rangaza,Sabon Garin Rangaza HP
Ward Technical Officer ,Nassarawa,Ungongo,Tudun Fulani,Tudun Fulani PHC
Ward Technical Officer ,Nassarawa,Ungongo,Ungongo,Ungongo PHC
Health Facility Incharge,Nassarawa,Ungongo,Bachirawa,Waziri Shehu Gidado GH
Ward Technical Officer,Nassarawa,Warawa,Yangizo,Alitini HP
Ward Technical Officer,Nassarawa,Warawa,Amarawa,Amarawa HP
Ward Technical Officer,Nassarawa,Warawa,Madari,Ganakakun HP
Ward Technical Officer,Nassarawa,Warawa,Garin Dau,Garin Dau HP
Ward Technical Officer,Nassarawa,Warawa,Gogel,Gogel BHC
Ward Technical Officer,Nassarawa,Warawa,Imawa,Imawa HC
Ward Technical Officer,Nassarawa,Warawa,Jemagu,Jemagu HP
Ward Technical Officer,Nassarawa,Warawa,Jigawa,Jigawa HP
Ward Technical Officer,Nassarawa,Warawa,Juma Galadima,Juma Galadima HP
Ward Technical Officer,Nassarawa,Warawa,Katarkawa,Katarkawa HP
Ward Technical Officer,Nassarawa,Warawa,Tamburawan Gabas,Tamburawan Gabas PHC
Ward Technical Officer,Nassarawa,Warawa,Tanagar,Tanagar HP
Ward Technical Officer,Nassarawa,Warawa,Yan Dala,Yandala HP
Ward Technical Officer ,Wudil,Wudil,Dagumawa,Dagumawa HP
Ward Technical Officer,Wudil,Wudil,Darki,Darki PHC
Ward Technical Officer ,Wudil,Wudil,Indabo,Indabo PHC
Ward Technical Officer,Wudil,Wudil,Lajawa,Lajawa PHC
Ward Technical Officer ,Wudil,Wudil,Makanwachi,Makanwachi BHC
Ward Technical Officer,Wudil,Wudil,Utai,Utai HC
Ward Technical Officer ,Wudil,Wudil,Sabon Gari,Wudil General Hospital
Ward Technical Officer ,Wudil,Wudil,Wudil,Wudil Kofar Fada HP
